trial,serial_time,parallel_time
1,0.002000,0.001000
2,0.003000,0.000000
3,0.003000,0.000000
4,0.002000,0.000000
5,0.002000,0.001000
6,0.002000,0.000000
7,0.002000,0.001000
8,0.002000,0.001000
9,0.001000,0.001000
10,0.002000,0.001000
